director_id,director_name
0,James Cameron
1,Gore Verbinski
2,Sam Mendes
3,Christopher Nolan
4,Doug Walker
5,Andrew Stanton
6,Nathan Greno
7,Joss Whedon
8,David Yates
9,Zack Snyder
10,Bryan Singer
11,Marc Forster
15,Andrew Adamson
16,Rob Marshall
17,Barry Sonnenfeld
18,Peter Jackson
19,Marc Webb
20,Ridley Scott
22,Chris Weitz
24,Anthony Russo
25,Peter Berg
26,Colin Trevorrow
27,Sam Raimi
28,Shane Black
29,Brett Ratner
30,Dan Scanlon
31,Michael Bay
34,John Lasseter
35,Martin Campbell
36,Lee Unkrich
37,McG
38,James Wan
41,J.J. Abrams
43,Mike Newell
44,Guillermo del Toro
46,Steven Spielberg
47,Peter Sohn
48,Mark Andrews
49,Justin Lin
52,Roland Emmerich
53,Robert Zemeckis
54,Lana Wachowski
58,Pete Docter
59,Rob Letterman
60,Jon Favreau
61,Martin Scorsese
63,Rob Cohen
64,David Ayer
65,Tom Shadyac
66,Doug Liman
67,Kevin Reynolds
68,Stephen Sommers
71,Rupert Sanders
72,Robert Stromberg
73,Matt Reeves
74,Carl Rinsch
76,Mike Mitchell
77,Brad Bird
78,Don Hall
79,Rich Moore
82,Dean DeBlois
83,Jonathan Mostow
84,James Gunn
88,David Fincher
89,Matthew Vaughn
90,Francis Lawrence
91,Jon Turteltaub
92,Wolfgang Petersen
93,James Bobin
94,Chris Miller
95,Duncan Jones
96,Alan Taylor
97,Michael Apted
100,Oliver Stone
105,Tim Burton
108,Eric Darnell
109,Shawn Levy
110,Gavin Hood
112,Chris Buck
115,George Miller
116,Ron Howard
117,Kenneth Branagh
118,Byron Howard
119,Hoyt Yeatman
120,Jonathan Liebesman
122,Christopher McQuarrie
123,Joe Johnston
125,Steve Hickner
126,Jennifer Yuh Nelson
127,M. Night Shyamalan
130,Simon Wells
131,David Bowers
132,Rob Minkoff
135,Lee Tamahori
139,Alessandro Carloni
141,Peter Ramsey
142,Dean Parisot
143,Edward Zwick
147,Alex Proyas
150,Richard Donner
151,Ang Lee
152,Jon M. Chu
153,Breck Eisner
154,Hironobu Sakaguchi
157,Peter Weir
159,Louis Leterrier
160,
162,Alejandro G. Iñárritu
163,David Soren
166,Paul Greengrass
167,Mark Osborne
168,Peyton Reed
170,Bill Condon
174,Phillip Noyce
175,Darren Aronofsky
177,Alfonso Cuarón
178,Baz Luhrmann
180,Eric Leighton
181,Matt Birch
183,Tom McGrath
184,Chris Columbus
185,Robert Schwentke
186,Hideaki Anno
191,Carlos Saldanha
194,Guy Ritchie
195,John McTiernan
196,Tony Gilroy
197,Joel Schumacher
200,John Woo
202,Tim Story
204,Mark Steven Johnson
209,Neill Blomkamp
210,David Twohy
212,James L. Brooks
213,James Mangold
214,Joseph Kosinski
215,George Lucas
220,Kirk De Micco
221,Frédéric Forestier
223,Cedric Nicolas-Troyan
225,Roger Donaldson
226,Dave Green
228,Brad Peyton
229,Roger Spottiswoode
231,Steven Soderbergh
236,Michel Gondry
238,Noam Murro
239,Raja Gosnell
240,Will Finn
244,Jan de Bont
246,Len Wiseman
248,Michael Mann
249,Bo Welch
253,Ron Clements
255,Christopher Barnard
256,Peter Chelsom
257,Dominic Sena
265,Tony Scott
266,Paul Weitz
267,Adam McKay
268,Chuck Russell
269,Quentin Tarantino
270,Gary Trousdale
271,Mark Dindal
272,Simon West
274,Stefen Fangmeier
275,Spike Jonze
276,Chris Wedge
277,Peter Hyams
281,Paul Verhoeven
282,Tom Tykwer
284,Pitof
286,Brad Silberling
287,Patrick Hughes
288,Lawrence Guterman
290,Ron Underwood
292,Steve Martino
293,David Mamet
296,Yimou Zhang
297,Ash Brannon
298,Frank Oz
300,Jay Roach
301,Luc Besson
302,Michael Patrick King
303,Bibo Bergeron
308,Sergey Bodrov
310,Wally Pfister
312,Rupert Wyatt
313,Mark Waters
314,John Moore
316,Renny Harlin
323,Phil Lord
325,Ben Stiller
328,Tony Bancroft
334,Walt Becker
336,Dennis Dugan
342,Sydney Pollack
343,Thor Freudenthal
348,Brian De Palma
351,Mick Jackson
352,Alan J. Pakula
353,Kathryn Bigelow
354,Josh Trank
356,Andrey Konchalovskiy
357,Gary Ross
364,Paul W.S. Anderson
365,Genndy Tartakovsky
366,Kevin Lima
368,Daniel Espinosa
371,Nancy Meyers
375,Roger Allers
376,Neil Burger
377,Jean-Jacques Annaud
382,Sarah Smith
383,Martin Brest
384,Andrew Davis
385,Bob Fosse
386,Tarsem Singh
387,Edgar Wright
388,Jon Amiel
389,Peter Segal
391,Frank Coraci
398,Sylvester Stallone
401,Todd Phillips
403,Tim Johnson
405,Gary Winick
406,Mimi Leder
414,Seth Gordon
417,Adam Shankman
422,D.J. Caruso
423,Anthony Minghella
424,Albert Hughes
425,Les Mayfield
427,Joe Pytka
431,Ivan Reitman
432,Eric Brevig
433,Kelly Asbury
435,Stephen Hopkins
436,Jonathan Demme
437,Henry Jaglom
440,James Algar
445,Vincent Ward
446,Steven Brill
447,Terry Gilliam
449,Lucile Hadzihalilovic
454,Barry Cook
455,Roger Christian
456,Joe Dante
459,Kevin Costner
462,Antony Hoffman
464,Jacques Perrin
467,Andrés Couturier
471,Cody Cameron
475,John Singleton
477,Oliver Hirschbiegel
478,Des McAnuff
479,Yarrow Cheney
480,Stephen Norrington
481,Pierre Coffin
487,Timur Bekmambetov
493,David Kellogg
500,Mike Nichols
504,F. Gary Gray
506,Antoine Fuqua
507,Robert Luketic
510,Gil Kenan
511,Barry Levinson
512,Jerry Zucker
513,Andy Tennant
515,Florent-Emilio Siri
516,Don Bluth
517,Ron Shelton
519,David Pastor
520,Henry Selick
523,Kyle Balda
527,Clay Kaytis
529,Judd Apatow
532,Steve Carr
533,Mel Gibson
535,David Silverman
536,Frank Darabont
540,Betty Thomas
544,Garry Marshall
546,Paul Tibbitt
552,Clark Johnson
554,Cameron Crowe
558,Randall Wallace
560,Jonathan Frakes
565,George Clooney
568,Gary Shore
574,Andrzej Bartkowiak
576,Måns Mårlind
578,Gregory Hoblit
579,Gary McKendry
581,Wych Kaosayananda
582,Mikael Salomon
583,Bobby Farrelly
586,Kerry Conran
587,Michael Caton-Jones
588,Mikael Håfström
590,Phil Alden Robinson
591,David Slade
594,Joseph Ruben
595,Seth MacFarlane
596,Alejandro Amenábar
597,Kinka Usher
600,Craig Gillespie
606,Rob Bowman
607,Doug Lefler
609,Scott Waugh
612,Lawrence Kasdan
617,Michael Lembeck
618,Tom Hooper
619,Nora Ephron
623,Clint Eastwood
629,Larry Charles
630,Stanley Kubrick
631,Will Gluck
632,Glenn Ficarra
634,David S. Goyer
635,John Milius
640,Taylor Hackford
645,Michael Lehmann
647,Stuart Beattie
648,Roman Polanski
650,Frank Miller
652,Baltasar Kormákur
659,Daniel Lee
660,Keenen Ivory Wayans
662,Rob Reiner
663,Marco Schnabel
664,Demian Lichtenstein
666,Josh Gordon
667,Tim Hill
670,David Frankel
679,Brenda Chapman
684,Marc Lawrence
686,Peter Billingsley
689,Wes Ball
690,Ryan Murphy
694,Robert Redford
697,Jay Russell
699,Kenny Ortega
701,David McNally
705,Brian Robbins
707,Brian Levant
709,Steven Zaillian
710,Chris Butler
713,Jon Avnet
714,Sam Fell
716,Kevin Donovan
717,Geoff Murphy
719,David O. Russell
720,Babak Najafi
721,Jean-Pierre Jeunet
723,Graham Annable
724,Griffin Dunne
726,John Pasquin
728,Ruben Fleischer
729,Harold Ramis
731,Kevin Macdonald
733,Donald Petrie
735,Jorge Blanco
736,Stuart Baird
737,Joel Coen
738,Robert Lorenz
743,Joe Wright
748,Scott Stewart
749,Patrick Gilmore
754,Tony Bill
755,Rod Lurie
756,Walter Hill
757,Akiva Goldsman
758,Harald Zwart
760,Walter Salles
762,Iain Softley
764,David Koepp
765,Uwe Boll
767,Pou-Soi Cheang
768,John Dahl
769,Tim Miller
770,Stephen Herek
775,Peter MacDonald
781,Anthony Hemingway
784,Sean Anders
787,Mark Neveldine
788,John Madden
791,Kevin Bray
795,Mike Gabriel
799,Sam Weisman
800,Jesse Dylan
805,Wayne Wang
807,Gabriele Muccino
817,Tom Dey
821,Jimmy Hayward
823,Alan Parker
824,John Frankenheimer
826,Paul King
827,William Friedkin
830,Kent Alterman
831,Peter Lord
836,Shekhar Kapur
837,Karyn Kusama
838,Ron Maxwell
839,Robert Butler
840,Karey Kirkpatrick
843,Steve Antin
845,Jim Gillespie
849,Francis Ford Coppola
852,Richard Lester
858,Harold Becker
859,Scott Cooper
862,Robert Rodriguez
864,Curtis Hanson
868,Phyllida Lloyd
870,Jay Chandrasekhar
871,Terrence Malick
872,David Dobkin
873,Milos Forman
875,Pierre Morel
876,Paul Hunter
878,Steve Oedekerk
879,John Whitesell
882,George Nolfi
894,Neil Jordan
896,Rawson Marshall Thurber
900,Spike Lee
901,Brian Helgeland
902,Frank Marshall
906,Hideo Nakata
908,Peter Hewitt
909,Joe Roth
910,Bennett Miller
912,Jaume Collet-Serra
913,Andy Fickman
914,James McTeigue
917,Matthew O'Callaghan
918,Angela Robinson
919,Gary Fleder
920,Tommy Wirkola
921,Adrian Lyne
924,Jorge R. Gutiérrez
925,Richard Loncraine
929,Christophe Gans
930,Howard Deutch
931,Jon Hurwitz
933,Steven Quale
934,John Landis
938,Alexander Witt
939,Beeban Kidron
940,Carl Franklin
941,Steven Seagal
943,Danny Boyle
948,Andrew Bergman
952,Peter Webber
954,Andrew Niccol
958,John Carpenter
961,Wes Anderson
966,David Cronenberg
967,John Stockwell
969,David Gordon Green
970,Jim Sheridan
971,Costa-Gavras
972,Patrick Read Johnson
973,Roland Joffé
979,Richard LaGravenese
980,Danny DeVito
982,George Armitage
984,Patrick Lussier
986,James Wong
989,Richard Curtis
996,Chuck Bowman
1005,Olivier Megaton
1008,Deepa Mehta
1009,Warren Beatty
1011,Penny Marshall
1012,Andrei Tarkovsky
1013,Paul Bolger
1014,Stephen Frears
1015,P.J. Hogan
1022,Brad Furman
1023,Terence Young
1026,David Zucker
1035,Denis Villeneuve
1041,Thomas Carter
1042,Roger Michell
1043,Luis Llosa
1049,Melville Shavelson
1051,Garth Jennings
1052,Joel Zwick
1053,Russell Mulcahy
1059,David R. Ellis
1060,Peter Howitt
1061,John A. Davis
1062,David Lynch
1065,Mathieu Kassovitz
1066,John Gray
1068,John Schultz
1069,Sean Penn
1070,Susan Stroman
1071,Pete Travis
1072,Simon Wincer
1073,Billy Bob Thornton
1079,Danny Pang
1083,George P. Cosmatos
1084,Oliver Parker
1085,Lawrence Kasanoff
1086,Ben Affleck
1091,Brian Gibson
1092,Norman Ferguson
1093,Michael Cimino
1095,Gus Van Sant
1098,Roger Kumble
1100,Burr Steers
1105,John Hamburg
1106,Reginald Hudlin
1107,Paul Feig
1108,Joseph L. Mankiewicz
1111,Barbra Streisand
1112,Mark Pellington
1114,John Glen
1115,Catherine Hardwicke
1116,John Herzfeld
1117,Annabel Jankel
1119,Julie Anne Robinson
1120,Evan Goldberg
1121,Sngmoo Lee
1125,Jamel Debbouze
1127,Gordon Chan
1129,Asger Leth
1132,Anne Fletcher
1133,Bruce Beresford
1136,Sam Taylor-Johnson
1144,Ken Kwapis
1146,Wes Craven
1148,Etan Cohen
1166,Angelina Jolie Pitt
1168,Nick Cassavetes
1172,Nicholas Stoller
1175,Mark A.Z. Dippé
1180,Cal Brunker
1183,Nimród Antal
1186,Alejandro Agresti
1188,Peter Hedges
1189,Paul Weiland
1195,Colin Strause
1197,Joan Chen
1199,Greg Mottola
1204,Jake Kasdan
1205,Diane Keaton
1207,Kelly Makin
1214,Stephen Daldry
1217,Christian Duguay
1223,Justin Chadwick
1224,Pat O'Connor
1229,Frederik Du Chau
1231,Irwin Winkler
1232,Joseph Kahn
1235,Sofia Coppola
1236,Barbet Schroeder
1237,Stephen Kay
1238,J.A. Bayona
1239,Elaine May
1244,Dennie Gordon
1245,Charles Shyer
1247,Ulu Grosbard
1248,William Malone
1251,Malcolm D. Lee
1252,Jerry Jameson
1253,Mic Rodgers
1254,Christian Alvart
1257,Jean-Marie Poiré
1260,Marc F. Adler
1262,Geoffrey Sax
1264,Richard Shepard
1266,Peter Ho-Sun Chan
1268,Joon-ho Bong
1270,Jeff Nathanson
1272,S.S. Rajamouli
1278,Charles S. Dutton
1284,Jonathan Lynn
1286,David Carson
1287,Kar-Wai Wong
1290,Yuefeng Song
1291,Norman Jewison
1293,David Mirkin
1295,Luis Mandoki
1303,Jeb Stuart
1304,Steve Miner
1306,Paul Thomas Anderson
1307,David Leland
1309,J Blakeson
1310,Ryan Coogler
1312,Kirk Jones
1313,Ethan Coen
1314,Jennifer Flackett
1317,Kevin Smith
1318,Christian Ditter
1319,Charles Martin Smith
1323,Fedor Bondarchuk
1325,Irvin Kershner
1326,Steve Pink
1331,Scott Hicks
1336,Chris Rock
1338,Wilson Yip
1343,John Lee Hancock
1349,Robert Wise
1354,Kevin Rodney Sullivan
1363,Kevin Munroe
1364,Michael Tollin
1371,Patrick Tatopoulos
1374,Gary David Goldberg
1380,Alan Poul
1381,Luke Greenfield
1383,Gil Junger
1384,Michael Ritchie
1385,Steven E. de Souza
1391,Alexandre Aja
1392,Michael Rymer
1395,Hugh Wilson
1396,Mike Hodges
1400,Susanna White
1402,Chris Carter
1403,Tommy O'Haver
1404,Peter Landesman
1406,Gary Chapman
1408,Craig Mazin
1409,Allen Hughes
1417,Kimble Rendall
1418,Peter Yates
1422,Lasse Hallström
1424,Jean-Marc Vallée
1427,Hark Tsui
1429,Lexi Alexander
1432,Ronny Yu
1437,Bille August
1439,Moustapha Akkad
1440,Jean-Paul Rappeneau
1444,Joachim Rønning
1445,Tony Kaye
1447,Ken Scott
1450,Hugh Johnson
1452,Hayao Miyazaki
1453,George Tillman Jr.
1454,Hugh Hudson
1461,Jeremy Degruson
1462,Chris Gorak
1463,Scott Speer
1464,Joe Charbanic
1465,Jonathan Hensleigh
1466,Danny Cannon
1467,Boaz Yakin
1469,Richard Marquand
1470,Neil Marshall
1472,David Wain
1477,Jared Hess
1480,Rupert Wainwright
1482,John Luessenhop
1483,Justin Zackham
1490,John Gatins
1496,Miguel Sapochnik
1497,Hyung-rae Shim
1499,Don Scardino
1501,Tim Robbins
1503,Tom Reeve
1505,Nanette Burstein
1507,Ariel Vromen
1510,Lewis Gilbert
1516,John Francis Daley
1520,J.B. Rogers
1523,Michael Sucsy
1524,Tom Vaughan
1527,Lee Daniels
1534,Stephen Hillenburg
1541,Stig Bergqvist
1544,Jason Reitman
1545,Alexander Payne
1546,Jonathan Levine
1547,Rian Johnson
1549,Chris Noonan
1554,Michael McCullers
1555,Forest Whitaker
1559,Woody Allen
1560,Peter Lepeniotis
1561,Ted Demme
1563,William Shatner
1567,Steve Box
1575,James Gartner
1579,Lee Toland Krieger
1580,Tim McCanlies
1585,Drew Goddard
1586,Jason Friedberg
1588,Paul Michael Glaser
1592,John R. Leonetti
1593,Tom Hanks
1594,Liz Friedlander
1596,Phil Joanou
1598,Shane Acker
1599,Martha Coolidge
1600,Stephen J. Anderson
1601,Troy Miller
1603,Tate Taylor
1605,Brett Leonard
1607,Scott Derrickson
1608,Alister Grierson
1609,Nick Hurran
1611,Charles Stone III
1612,Paul Haggis
1613,Kurt Wimmer
1614,Jean-François Richet
1616,Kevin Hooks
1617,Ellory Elkayem
1620,Niki Caro
1622,Vincenzo Natali
1623,Willard Huyck
1624,Gavin O'Connor
1625,Bruce Hunt
1629,Chris Roberts
1632,Jee-woon Kim
1633,Nick Hamm
1634,Mike Disa
1637,Richard J. Lewis
1641,Sergio Leone
1642,Niels Arden Oplev
1643,Michael Radford
1645,Steve Boyum
1647,Kaige Chen
1648,Corey Yuen
1649,Andrew Dominik
1650,Li Zhang
1651,Laurent Tirard
1654,Reinhard Klooss
1656,Frédéric Auburtin
1657,Olivier Dahan
1658,Maksim Fadeev
1659,Liliana Cavani
1660,Greg Tiernan
1661,Elizabeth Banks
1664,Edward Norton
1669,Ben Falcone
1670,Richard Attenborough
1672,Don Mancini
1673,John Maybury
1677,Igor Kovalyov
1687,Shinji Aramaki
1701,Miguel Arteta
1706,James Gray
1707,Janusz Kaminski
1717,Robert B. Weide
1718,Jeff Wadlow
1719,Agustín Díaz Yanes
1720,Camille Delamarre
1725,David Lean
1726,Richard Eyre
1729,Nicholas Meyer
1730,Callie Khouri
1734,Sanaa Hamri
1735,Todd Graff
1738,Philip Kaufman
1742,Saul Dibb
1744,Walter Murch
1745,Richard Linklater
1747,E. Elias Merhige
1748,Menno Meyjes
1750,Jodie Foster
1761,Scott Frank
1777,Kevin Allen
1779,Michael Cristofer
1782,Andrew Morahan
1783,Bob Rafelson
1784,Michael Cohn
1787,Alan Shapiro
1789,Fernando Meirelles
1796,Michael Hoffman
1802,Oleg Stepchenko
1804,Michael Winterbottom
1807,Michael Pressman
1811,Sharon Maguire
1813,Charles Herman-Wurmfeld
1820,Gabor Csupo
1822,Tyler Perry
1823,Joe Carnahan
1824,John Polson
1831,Bernardo Bertolucci
1835,Cathy Malkasian
1836,John Eng
1839,Chris Nahon
1840,Fred Wolf
1841,Bille Woodruff
1845,Victor Salva
1846,Mark Helfrich
1850,Steve Bendelack
1851,Dwight H. Little
1852,Guillaume Canet
1853,Kirsten Sheridan
1856,Richard Fleischer
1857,Bob Spiers
1859,Damien Dante Wayans
1863,John Wells
1864,Tim Fywell
1865,Nigel Cole
1867,Jeremy Leven
1870,Sylvain White
1871,Troy Nixey
1872,Philip G. Atwell
1874,Jeff Schaffer
1875,Don Michael Paul
1877,James Bridges
1878,Steve Barron
1879,Bill Paxton
1880,Richard Kelly
1881,Carter Smith
1882,John Schlesinger
1884,Ringo Lam
1886,Akiva Schaffer
1890,Tobe Hooper
1894,Patricia Riggen
1896,Pascal Chaumeil
1900,Kimberly Peirce
1901,Stephen Gaghan
1902,Jonathan Kaplan
1903,Richard Benjamin
1906,Craig R. Baxley
1907,John Hillcoat
1908,John Guillermin
1909,Marcos Siega
1913,Rachel Talalay
1914,Jeffrey W. Byrd
1918,Atom Egoyan
1920,Robert Towne
1922,Giuseppe Tornatore
1923,Werner Herzog
1924,Ben Stassen
1927,Jérôme Deschamps
1928,Inna Evlannikova
1930,Jonathan English
1931,Sergey Bondarchuk
1932,Teddy Chan
1933,Mario Van Peebles
1935,Leonard Nimoy
1937,Ericson Core
1945,Bonnie Hunt
1947,Neil LaBute
1948,Grant Heslov
1949,George Gallo
1953,Sidney Lumet
1956,Douglas McGrath
1958,Kevin Spacey
1960,Richard Williams
1961,Mary McGuckian
1972,Tony Goldwyn
1974,Dexter Fletcher
1976,Jonathan Newman
1978,Andy Cadiff
1979,Michael Dinner
1981,Joseph Sargent
1982,Jerry Zaks
1983,Fred Durst
1987,Anne Fontaine
1990,Mira Nair
1993,Mel Brooks
1994,Russell Crowe
2005,Jessie Nelson
2006,Christopher Spencer
2011,Mike Bigelow
2013,Paul McGuigan
2020,Daniel Sackheim
2022,Harry Elfont
2024,Uli Edel
2026,Fred Dekker
2027,Brian Trenchard-Smith
2028,Blake Edwards
2031,Laurence Dunmore
2033,Christian Carion
2034,David Palmer
2036,Rowan Joffe
2038,John Curran
2044,Juan José Campanella
2047,Trey Parker
2048,Stuart Gillard
2055,Katt Shea
2058,Joshua Michael Stern
2060,Tomas Alfredson
2061,John Duigan
2063,Colin Higgins
2068,Jim Sonzero
2072,Penelope Spheeris
2073,Jeff Tremaine
2074,Jeannot Szwarc
2087,Steve McQueen
2091,Thea Sharrock
2093,Aaron Seltzer
2094,Robin Budd
2095,Ava DuVernay
2096,Steve Trenbirth
2098,Mennan Yapo
2099,Jun Falkenstein
2105,Tom McCarthy
2107,Takashi Shimizu
2111,Gary Nelson
2112,Anton Corbijn
2113,Gregory Nava
2117,John Patrick Shanley
2122,Joshua Logan
2125,Steve Beck
2126,Todd Strauss-Schulson
2127,John McNaughton
2128,Nelson McCormick
2131,Eric Valette
2138,Andrew Fleming
2139,Michael Spierig
2140,Jim Field Smith
2141,Thomas Bezucha
2142,William Brent Bell
2144,Anthony Bell
2146,Jessica Bendinger
2149,Henry Joost
2150,Ed Harris
2153,Alfred Hitchcock
2155,Shana Feste
2157,Steve Rash
2160,Mike Binder
2163,Michael J. Bassett
2165,Frank Nissen
2167,Stephen Chow
2169,Peter Hastings
2172,Paul Abascal
2174,Chris Koch
2175,Amy Heckerling
2176,Michael Moore
2177,George Stevens
2178,Billy Ray
2182,Mark Mylod
2183,James Mather
2187,Michael O. Sajbel
2194,Charles T. Kanganis
2199,Damon Santostefano
2206,Bob Clark
2212,Dave Borthwick
2213,Benson Lee
2217,Glen Morgan
2219,Mike Leigh
2220,Alejandro Monteverde
2226,Jonathan Glazer
2227,J.C. Chandor
2228,Paul Gross
2229,Marc Abraham
2230,Todd Haynes
2231,Mabrouk El Mechri
2233,Charlie Kaufman
2236,Nancy Walker
2238,Angelo Pizzo
2243,Matthew Diamond
2245,Katsuhiro Ôtomo
2246,David Anspaugh
2247,Andrew Jarecki
2252,Daniel Algrant
2254,Julie Taymor
2256,Jane Clark
2258,Mike Barker
2259,Wayne Thornley
2260,Gnana Rajasekaran
2261,Tom Walsh
2262,Jonathan Jakubowicz
2264,Scott Walker
2270,Mark Rosman
2277,Rob Hawk
2282,Britt Allcroft
2285,Alan Yuen
2287,Brian Percival
2289,Anand Tucker
2290,Anthony Mann
2291,Michael Dowse
2292,Daniel Barnz
2293,Emile Ardolino
2294,Robert Altman
2295,James Schamus
2296,Andrew Douglas
2298,George A. Romero
2301,Ricky Gervais
2312,Terry Zwigoff
2320,Audrey Wells
2329,Rick Friedberg
2330,Sean McNamara
2332,Jody Hill
2335,Brandon Camp
2337,Kevin Tancharoen
2340,Nicholas Hytner
2342,Bart Freundlich
2347,William A. Fraker
2348,John Boorman
2350,Courtney Solomon
2353,Jeff Kanew
2354,István Szabó
2356,Matthew Robbins
2362,Hal Needham
2364,Jeff Nichols
2366,Jonathan Teplitzky
2368,Michael Haneke
2369,Zack Ward
2370,Mike Marvin
2373,Gregor Jordan
2375,Tran Anh Hung
2376,Lance Hool
2378,Christian Volckman
2379,Jon Cassar
2381,Rodrigo Cortés
2384,David Hayter
2386,Cory Edwards
2387,Terry George
2388,Xavier Gens
2389,Kasi Lemmons
2390,Brian A Miller
2391,Matt Dillon
2394,George Cukor
2400,John Hoffman
2403,Kevin Greutert
2406,John Fortenberry
2411,Erik White
2412,Chris Robinson
2413,Jason Moore
2416,Robert Harmon
2417,Trent Cooper
2418,Gary Halvorson
2420,Nicholas Ray
2421,Fede Alvarez
2424,Sidney J. Furie
2425,Ian Iqbal Rashid
2426,Wayne Kramer
2427,Rowdy Herrington
2428,Jim Goddard
2429,Noel Marshall
2431,Andrea Di Stefano
2433,Guillaume Ivernel
2434,Jack Smight
2435,Todd Lincoln
2436,Howard Zieff
2437,Steven Shainberg
2441,Julian Jarrold
2442,Joe Nussbaum
2443,Vadim Perelman
2445,Peter Farrelly
2450,Michel Hazanavicius
2453,Cyrus Nowrasteh
2454,Perry Andelin Blake
2459,Christian E. Christiansen
2461,Sheldon Lettich
2463,Diane English
2465,Peter Flinth
2466,Jon Lucas
2467,Robert Iscove
2468,Peter Kosminsky
2470,Nick Gomez
2472,Vic Armstrong
2473,Allen Coulter
2474,Clare Kilner
2477,Josef Rusnak
2478,Lance Rivera
2479,Ronald Neame
2480,Bruce Paltrow
2482,Adam Rifkin
2484,Susanne Bier
2485,Kenneth Johnson
2487,James Ivory
2488,Jessy Terrero
2489,Dany Boon
2490,Vicente Amorim
2491,Gaspar Noé
2494,Jérôme Salle
2495,Tommy Lee Jones
2496,Jesse Vaughan
2499,William Bindley
2500,Wayne Beach
2501,Gérard Krawczyk
2513,Udayan Prasad
2515,JK Youn
2516,Morten Tyldum
2520,Andrés Muschietti
2526,Gillian Armstrong
2527,James Watkins
2531,Jim Fall
2532,Michael Dougherty
2536,Joel Gallen
2540,James Marsh
2542,Matt Williams
2546,Rick Rosenthal
2549,Denzel Washington
2550,Nicolas Winding Refn
2551,Sara Sugarman
2553,Juan Carlos Fresnadillo
2556,Gina Prince-Bythewood
2558,Phil Traill
2559,Joe Berlinger
2562,Elizabeth Allen Rosenbaum
2566,Michael Mayer
2567,Martin Weisz
2568,John Ottman
2570,John Bonito
2571,Peter Atencio
2573,David Nutter
2574,Derek Cianfrance
2576,Stephan Elliott
2578,Mark L. Lester
2581,Tom Green
2582,Mike Nawrocki
2583,Catherine Owens
2584,Douglas Aarniokoski
2585,Bryan Barber
2586,Lone Scherfig
2587,Drew Barrymore
2588,Brian Koppelman
2589,James Foley
2590,Albert Brooks
2593,Steve Gomer
2594,RZA
2596,Mark Piznarski
2601,Craig Brewer
2604,David Raynr
2605,Mort Nathan
2607,Wil Shriner
2608,Martin McDonagh
2609,Tina Gordon Chism
2610,Peter Cattaneo
2611,Vicky Jenson
2614,Mary Lambert
2616,Peter Kassovitz
2618,Rodman Flender
2620,Katja von Garnier
2622,Mark Romanek
2624,Brad Anderson
2625,Michael Chapman
2626,Antonio Banderas
2628,Khalil Sullins
2630,Fritz Lang
2633,Hsiao-Hsien Hou
2635,Andrey Zvyagintsev
2636,Tony Jaa
2639,Ryûhei Kitamura
2640,Darrell Roodt
2641,Dito Montiel
2642,Stefan Ruzowitzky
2643,Jake Paltrow
2644,Juraj Jakubisko
2645,Anthony Silverston
2646,Gabe Ibáñez
2647,Gerry Lively
2648,Daniele Luchetti
2649,Tung-Shing Yee
2650,Julien Temple
2652,Gregory Jacobs
2654,Gilles Paquet-Brenner
2655,Peter Cousens
2657,Lars von Trier
2661,John Blanchard
2662,John Cornell
2663,Vidhu Vinod Chopra
2667,Ole Bornedal
2668,Ted Kotcheff
2672,Jamie Blanks
2675,Randal Kleiser
2676,Bruce McCulloch
2686,Rick Famuyiwa
2687,Alan Cohn
2688,Franco Zeffirelli
2689,Tom Holland
2693,James Isaac
2695,Emilio Estevez
2697,Josh Schwartz
2698,Julian Schnabel
2699,Todd Field
2700,Davis Guggenheim
2703,Stephen Carpenter
2706,James Fargo
2708,Alain Resnais
2710,Chao-Bin Su
2712,Kenneth Lonergan
2713,Bo Zenga
2731,José Padilha
2736,Danny Leiner
2737,Christopher Cain
2738,Theodore Melfi
2741,Ed Decter
2742,Gene Quintano
2744,Eric Bress
2746,Preston A. Whitmore II
2748,Kirk Wong
2749,Bronwen Hughes
2750,John Lafia
2751,Sam Miller
2753,Alex Garland
2755,Mark Brown
2759,Michael Polish
2760,Daisy von Scherler Mayer
2761,Lenny Abrahamson
2762,Bob Saget
2763,John Waters
2766,Craig Bolotin
2767,Mark Christopher
2768,Blair Hayes
2769,Jez Butterworth
2771,Olivier Assayas
2774,Patrice Leconte
2776,Paul Mazursky
2779,Stephen Chbosky
2780,Jon Hess
2783,Joe Cornish
2786,John H. Lee
2787,John Stainton
2793,Benedek Fliegauf
2796,Stewart Hendler
2797,John Cromwell
2799,Mark Herman
2802,Abel Ferrara
2804,Ethan Maniquis
2805,George Hickenlooper
2807,Je-kyu Kang
2808,William Dear
2812,Stéphane Aubier
2818,John Badham
2820,Mike McCoy
2822,Mike Judge
2828,Nima Nourizadeh
2829,Franklin J. Schaffner
2831,John Erick Dowdle
2832,David Moreau
2833,Christopher Erskin
2835,Brian Henson
2838,Dan Cutforth
2839,Josh Boone
2849,Jake Schreier
2850,Cheryl Dunye
2852,Ernest R. Dickerson
2856,Lionel C. Martin
2864,Wallace Wolodarsky
2867,Nicholas Jarecki
2868,Dean Israelite
2869,Darnell Martin
2870,Scott Alexander
2871,Stuart Gordon
2872,Christopher Guest
2877,Jane Campion
2879,Fred Schepisi
2882,Antonia Bird
2883,Jon Poll
2884,Paolo Sorrentino
2885,Peter Care
2886,Chan-wook Park
2888,Ira Sachs
2889,Carroll Ballard
2891,Takeshi Kitano
2896,Marco Kreuzpaintner
2897,Lajos Koltai
2898,Alan Rudolph
2900,Chuan Lu
2901,Lijun Sun
2902,Takashi Yamazaki
2904,Christopher Smith
2905,Timothy Hines
2907,David Winters
2909,Akira Kurosawa
2910,Jamie Thraves
2911,Mabel Cheung
2914,Dan Mazer
2921,R.J. Cutler
2923,David S. Ward
2931,Rob Pritts
2935,John Crowley
2937,Brendan Malloy
2939,Dustin Hoffman
2940,Gregory Poirier
2942,Simon Curtis
2945,Dewey Nicks
2947,Philip Saville
2952,William A. Graham
2953,Martin Ritt
2954,John Turturro
2955,Agnieszka Holland
2958,David Hackl
2959,Giuliano Montaldo
2960,Lisa Azuelos
2961,Ray Lawrence
2962,Karan Johar
2964,Ruairi Robinson
2965,Jaume Balagueró
2968,Jon Kasdan
2969,Léa Pool
2970,Floyd Mutrux
2972,Sajid Khan
2974,Dean Wright
2975,Eric Lartigau
2977,Shintaro Shimosawa
2978,Darren Lynn Bousman
2981,James DeMonaco
2988,Ken Annakin
2994,Carol Reed
2996,Chuck Sheetz
3001,Marcus Raboy
3002,Leigh Whannell
3003,Michael Schultz
3006,Peter Sollett
3008,Bob Dolman
3013,Greg Coolidge
3016,David Lowery
3018,Ciarán Foy
3019,Salim Akil
3021,Olatunde Osunsanmi
3023,Leon Ichaso
3024,Joseph Zito
3029,Patricia Rozema
3034,Rob Schmidt
3038,Robert Ben Garant
3039,Morgan Spurlock
3040,Neal Brennan
3041,Tuck Tucker
3044,Theodore Witcher
3045,Jim Hanon
3048,Michael Patrick Jann
3053,Jorma Taccone
3056,Florian Henckel von Donnersmarck
3057,Jeff Lowell
3058,Lorene Scafaria
3062,Marcus Dunstan
3063,Timothy Björklund
3064,François Girard
3066,Scott Kalvert
3067,Jason Bateman
3068,David Schwimmer
3069,Allan Arkush
3071,Eric Bross
3073,Dan Fogelman
3074,Jay Duplass
3075,Luca Guadagnino
3076,John Putch
3077,Peter Medak
3079,Terence Davies
3080,Harley Cokeliss
3082,Tom Brady
3084,Jason Zada
3086,Noah Baumbach
3089,Eric Blakeney
3093,Rakesh Roshan
3096,Derrick Borte
3097,Richard Kwietniowski
3098,Bob Odenkirk
3102,Joshua Seftel
3104,Vincent Gallo
3105,Claude Chabrol
3106,Jon Stewart
3107,Bigas Luna
3108,Ralph Fiennes
3109,Dan Harris
3110,Mel Smith
3111,Bobcat Goldthwait
3114,Jake Scott
3115,Alan Metter
3117,Rafa Lara
3119,Arthur Hiller
3120,Michael Meredith
3121,Julio DePietro
3122,Katherine Dieckmann
3124,Kim Farrant
3126,Scott Marshall
3127,Álex de la Iglesia
3128,Andrew Traucki
3129,Michael Clancy
3131,Robert Adetuyi
3132,Kari Skogland
3133,Taedong Park
3134,Paul Schrader
3135,Benedikt Erlingsson
3136,Gurinder Chadha
3137,Jason Connery
3138,Vic Sarin
3139,Jim Issa
3142,William Phillips
3144,Andy Garcia
3146,Sarik Andreasyan
3148,Julian Gilbey
3150,Gary Sherman
3151,Valeri Milev
3152,Stanley Kramer
3153,Pedro Almodóvar
3154,Gerald Potterton
3158,Anurag Basu
3160,Kriv Stenders
3161,Yash Chopra
3163,Floria Sigismondi
3167,Ferzan Ozpetek
3173,Kris Isacsson
3176,Ben Younger
3179,Daniel Taplitz
3181,Tamara Jenkins
3182,Linda Mendoza
3185,Hart Bochner
3188,Stewart Raffill
3193,Hong-jin Na
3195,Chatrichalerm Yukol
3196,Dario Argento
3197,Eric Lavaine
3199,Marc Forby
3201,Scott Mann
3202,Ole Christian Madsen
3203,Meiert Avis
3205,André Téchiné
3206,Emily Young
3207,Peter Faiman
3208,Martyn Pick
3209,Roland Suso Richter
3210,Jeremy Sims
3211,Maïwenn
3212,Joby Harold
3214,Ekachai Uekrongtham
3217,Mark Rydell
3218,David E. Talbert
3219,Roger Vadim
3220,Nils Gaup
3223,Ari Sandel
3224,Vondie Curtis-Hall
3225,Tom Elkins
3226,Woo-Suk Kang
3229,Herbert Ross
3231,John Sayles
3232,Vipul Amrutlal Shah
3233,Ken Loach
3234,Ayan Mukerji
3235,John G. Avildsen
3236,Mervyn LeRoy
3238,Serdar Akar
3240,James Frawley
3241,Dan Gilroy
3245,Jonathan Dayton
3248,Chris Stokes
3249,Don Siegel
3251,Martin Lawrence
3253,Masayuki Ochiai
3255,Tom Gormican
3256,Ken Shapiro
3257,Justin Tipping
3259,Peter R. Hunt
3263,Doug Atchison
3264,Tamra Davis
3265,Jonas Elmer
3267,Mary Harron
3269,Erik Canuel
3270,Troy Duffy
3272,Nicole Holofcener
3274,Matty Rich
3279,Fina Torres
3282,Duke Johnson
3284,François Ozon
3287,Anna Boden
3290,Steve James
3291,Michael Winner
3292,Tomm Moore
3293,John Carney
3294,David Jacobson
3295,Michael Corrente
3296,Edward Hall
3297,Keith Gordon
3299,Andrew Currie
3300,Andrew Wilson
3302,Marc Schölermann
3304,Robert Moresco
3305,Thomas Vinterberg
3306,Claudia Llosa
3309,Charles Binamé
3310,Keith Parmer
3312,Ol Parker
3315,James Nunn
3316,David Webb Peoples
3317,Michael Winnick
3320,Stanley Tong
3321,David Oelhoffen
3323,Eli Roth
3326,Tony Richardson
3329,Charles Robert Carner
3330,Russell Holt
3333,Claude Miller
3335,Sacha Bennett
3337,Rodrigo García
3338,Jeta Amata
3339,Siddharth Anand
3340,Vincent Paronnaud
3342,Dennis Gansel
3344,Daniel Barber
3346,Robert Marcarelli
3347,Ernie Barbarash
3348,Guy Hamilton
3357,Adam Brooks
3365,Michael Anderson
3369,Don Kempf
3370,Matt Bettinelli-Olpin
3372,Rob Zombie
3378,Sharron Miller
3380,Aaron Schneider
3383,Tom Ford
3389,Tony Maylam
3391,Mitch Davis
3396,Kevin Brodie
3399,Lynne Ramsay
3400,John Stephenson
3401,Tim Chambers
3404,Dick Richards
3407,Bob Gosse
3408,Alex Zamm
3409,Spencer Susser
3412,Thaddeus O'Sullivan
3414,Shari Springer Berman
3415,Aleksey German
3416,Stephen Milburn Anderson
3417,Richard E. Grant
3419,David Lam
3421,Vladlen Barbe
3422,Richard Rich
3424,Robert C. Cooper
3427,Kim Nguyen
3428,Jackie Earle Haley
3429,Max Färberböck
3430,Arie Posin
3431,Damian Nieman
3432,Mark Tonderai
3435,Ian Fitzgibbon
3438,Rachel Perkins
3440,Luis Valdez
3441,Alan Alda
3447,Louis Morneau
3448,Caroline Link
3451,Sterling Van Wagenen
3452,Zal Batmanglij
3454,Hans Petter Moland
3455,Oren Moverman
3456,Ian Sharp
3459,Wolfgang Becker
3466,George Roy Hill
3467,Robert Stevenson
3470,Jerome Robbins
3472,Gary Hardwick
3478,King Vidor
3482,Fred Savage
3483,Sammo Kam-Bo Hung
3488,Rusty Cundieff
3490,Dominique Othenin-Girard
3492,Jean-Jacques Mantello
3494,Risa Bramon Garcia
3495,Brian Klugman
3496,Matt Piedmont
3497,Raymond De Felitta
3498,John Michael McDonagh
3499,Deb Hagan
3502,Zach Cregger
3503,Zach Braff
3504,Mark Tarlov
3506,John Cameron Mitchell
3508,Jon Knautz
3510,David Atkins
3511,Patrick Stettner
3512,Sam Peckinpah
3514,Michael Crichton
3516,Sylvio Tabet
3517,Rick Bieber
3521,Joey Lauren Adams
3523,Fred Zinnemann
3524,S.R. Bindler
3526,Greg Marcks
3527,Perry Lang
3528,Jake Goldberger
3531,William Kaufman
3534,Cédric Klapisch
3535,Kate Barker-Froyland
3537,Martin Koolhoven
3538,Charles Matthau
3540,Christopher M. Bessette
3541,Prachya Pinkaew
3542,Gary Sinyor
3547,Ashish R. Mohan
3552,Darren Grant
3554,Joseph Gordon-Levitt
3558,William Sachs
3559,Christophe Barratier
3560,Émile Gaudreault
3561,James Cox
3563,James Toback
3564,Aki Kaurismäki
3566,Hitoshi Matsumoto
3567,Rakeysh Omprakash Mehra
3568,Collin Schiffli
3569,George Ratliff
3571,Shane Meadows
3573,Jon Wright
3574,Michael McGowan
3575,Liv Ullmann
3577,Rohan Sippy
3580,Dan Trachtenberg
3582,David F. Sandberg
3584,Stiles White
3586,Joel Edgerton
3587,Eugenio Derbez
3589,Henry Koster
3592,Patty Jenkins
3593,Christopher Landon
3596,David Gelb
3598,Mike Flanagan
3601,Nat Faxon
3602,George Jackson
3604,Maurice Joyce
3605,Robert Duvall
3606,Frank Perry
3607,Jesse Peretz
3609,Ice Cube
3610,Tim Blake Nelson
3614,Richard Glatzer
3615,Michael Curtiz
3616,Bruce Malmuth
3617,Rob Hedden
3619,Harmony Korine
3620,Joe Chappelle
3623,Mickey Liddell
3626,Fred Walton
3628,Steve Carver
3629,Gonzalo López-Gallego
3630,Christine Jeffs
3632,Don Coscarelli
3634,Michael Tiddes
3635,Bill Duke
3636,Frank Borzage
3638,Mamoru Hosoda
3639,Brian Dannelly
3640,Denys Arcand
3642,J.S. Cardone
3644,Jay Levey
3645,Nicholaus Goossen
3651,Ronan Chapalain
3653,Xavier Beauvois
3654,Randall Miller
3655,Jerry Belson
3658,Dan Rush
3662,Michael Cuesta
3664,Fenton Bailey
3665,Jeremy Saulnier
3666,Billy Kent
3667,James Manera
3670,Feroz Abbas Khan
3671,Errol Morris
3672,Dennis Hopper
3673,Eli Craig
3674,Nicholas Fackler
3675,Richard Wallace
3676,Morgan J. Freeman
3677,Matthew Hastings
3680,Klaus Menzel
3681,Oren Peli
3683,Paul Andrew Williams
3686,Jim Amatulli
3688,William H. Macy
3689,Barrett Esposito
3693,Vicky Jewson
3695,Marc Bennett
3696,Mike Mayhall
3698,Stanton Barrett
3699,Jirí Menzel
3700,Fatih Akin
3702,Nick Murphy
3706,Frank LaLoggia
3707,Jeremy Brock
3708,Scott Foley
3712,Christophe Ali
3713,Gabriela Tagliavini
3714,Shekar
3715,Shona Auerbach
3716,Leonard Farlinger
3717,Michel Leclerc
3718,Analeine Cal y Mayor
3719,Tom Kalin
3720,Robert Sarkies
3725,John Huston
3730,Walter Lang
3731,Carlos Saura
3733,Andrew Erwin
3735,Beto Gómez
3736,Mike van Diem
3737,Jonas Åkerlund
3738,Todd Solondz
3740,René Féret
3741,Barry Skolnick
3742,Johnnie To
3743,Mateo Gil
3744,Lukas Moodysson
3745,Agnieszka Wojtowicz-Vosloo
3746,Kabir Sadanand
3748,Peter DeLuise
3750,Raja Menon
3753,Nick Love
3757,R. Balki
3758,Ivan Engler
3769,Cecil B. DeMille
3772,Henry Hobson
3773,Mike Figgis
3774,Duane Journey
3775,Dan O'Bannon
3776,Billy Wilder
3780,Lisa Cholodenko
3782,John Sturges
3783,William Arntz
3784,Ed Gass-Donnelly
3788,DJ Pooh
3793,James Melkonian
3797,Roger Avary
3800,Allison Anders
3802,Rick de Oliveira
3805,Jeff Franklin
3807,Mike Mills
3809,Dave McKean
3810,Ron Fricke
3811,Ruggero Deodato
3812,Gavin Wiesen
3813,Mora Stephens
3814,Mars Callahan
3816,Leos Carax
3818,Stefan Schwartz
3820,Robert Lee King
3822,Jorge Ramírez Suárez
3827,Dan Ireland
3828,Fernando León de Aranoa
3829,Jim Mickle
3832,Karim Aïnouz
3833,Sam Levinson
3836,Aleksandr Veledinskiy
3837,Peter H. Hunt
3838,Ruba Nadda
3839,Howard Hughes
3840,Edward Burns
3842,Sean Byrne
3844,Mark Griffiths
3845,Bruce Macdonald
3849,Victor Fleming
3850,Richard Raymond
3852,Alan Jacobs
3853,George Sidney
3854,Christopher Morris
3855,Andrucha Waddington
3856,Peter Stebbings
3857,Vincente Minnelli
3858,Dagur Kári
3863,Jim Abrahams
3864,Kevin Carraway
3868,Michael Gornick
3870,Richard Brooks
3874,Robert Eggers
3875,Michael Martin
3880,Gideon Raff
3882,Louis C.K.
3883,Anthony C. Ferrante
3884,Salvador Carrasco
3885,André Øvredal
3886,Robert Cary
3888,Adam Rapp
3890,Warren P. Sonoda
3891,Amanda Gusack
3892,Avi Nesher
3894,Charles Adelman
3895,Jay Oliva
3896,Charles Ferguson
3898,Mark Young
3899,Daniel Petrie Jr.
3900,Antonio Simoncini
3902,Luc Jacquet
3904,Eldar Rapaport
3905,Clark Gregg
3906,Damien Chazelle
3908,Justin Kerrigan
3909,Nathan Frankowski
3910,Karen Moncrieff
3915,Jennifer Finnigan
3916,Eric Styles
3917,Laurent Cantet
3919,John Ford
3920,Max Mayer
3921,Joshua Marston
3923,John Gulager
3926,Brandon Cronenberg
3927,Frank Capra
3930,Tod Williams
3934,Jack Sholder
3940,Ted Post
3942,Kunihiko Yuyama
3943,Tom McLoughlin
3948,Adam Marcus
3951,John Maclean
3953,Benny Boom
3958,Howard Hawks
3959,Nnegest Likké
3961,Christopher Leitch
3964,Patricia Cardoso
3967,Damien O'Donnell
3968,Peter M. Cohen
3971,Mel Stuart
3972,Anthony Hickox
3973,Tom Schulman
3975,Jill Sprecher
3976,Darren Stein
3984,David Nixon
3985,Jason Eisener
3986,Enrique Begne
3987,Matthew Bright
3988,Michael Landon Jr.
3989,Andrea Arnold
3990,Whit Stillman
3992,Leslye Headland
3994,Bobby Roth
3995,Tim Heidecker
3999,Kate Connor
4000,Deon Taylor
4001,Jason Alexander
4003,Conor McPherson
4004,Will Canon
4005,Philip Zlotorynski
4007,Lance Kawas
4008,Francesca Gregorini
4009,Marcio Garcia
4011,Craig Moss
4012,Michael Jai White
4014,Paolo Monico
4015,Youssef Delara
4016,Darin Scott
4017,Christian Sesma
4018,Monte Hellman
4020,Brian Caunter
4021,Chris D'Arienzo
4024,Isaac Florentine
4025,Susan Seidelman
4027,Heidi Ewing
4030,Leon Ford
4031,Hank Braxtan
4034,John Carl Buechler
4038,Rajkumar Hirani
4039,Victor Nunez
4041,Rohit Jugraj
4042,Thorbjørn Christoffersen
4044,Alex van Warmerdam
4048,Pawel Pawlikowski
4050,Frank Sebastiano
4051,Rand Ravich
4052,Stacy Peralta
4053,Nacho Vigalondo
4054,Hao Ning
4055,Tony Giglio
4056,Stanley Donen
4057,Joe Cross
4059,Dinesh D'Souza
4062,Tommy Lee Wallace
4063,Don Taylor
4065,Leslie Small
4069,Éric Tessier
4070,Alison Maclean
4071,Alice Wu
4072,Sarah Gavron
4074,Isabel Coixet
4075,James Ponsoldt
4078,Joshua Tickell
4079,Tim Boxell
4081,Michael D. Sellers
4082,Reed Cowan
4083,James Dodson
4085,Alex Rivera
4087,John Murlowski
4088,Benni Diez
4089,Danny Perez
4091,Robby Henson
4093,Zackary Adler
4095,Dominic Burns
4097,Carmen Marron
4101,Jerry Rees
4104,Jaco Booyens
4106,Danny Steinmann
4108,Jon Gunn
4109,Hayley Cloake
4110,Tay Garnett
4111,Shyam Madiraju
4112,Harmage Singh Kalirai
4113,Rita Merson
4115,William Wyler
4116,Larry Clark
4117,Petter Næss
4118,Robert Fontaine
4121,Dan Perri
4122,Neil Mcenery-West
4123,Anthony O'Brien
4125,Michael Herz
4128,David Robert Mitchell
4130,Robert Mulligan
4132,Chia-Liang Liu
4135,Chris Kentis
4137,Alex Kendrick
4138,Robert Rossen
4139,Jack Conway
4140,Sylvain Chomet
4141,Chris Eyre
4146,Elia Kazan
4147,Debra Granik
4149,Henry King
4150,Miranda July
4152,Max Joseph
4153,Jim Jarmusch
4157,Kevin Tenney
4161,Ari Folman
4162,Gary Rogers
4164,Marielle Heller
4166,David Sington
4167,Kelly Reichardt
4169,Bob Giraldi
4171,Huck Botko
4173,David Duchovny
4174,Mitchell Lichtenstein
4175,Lance Mungia
4176,Kundan Shah
4178,Hue Rhodes
4182,Jugal Hansraj
4183,Danny Provenzano
4184,Bill Muir
4186,Noah Buschel
4187,Brian Yuzna
4188,Hunter Richards
4189,Laurie Collyer
4191,Aaron Hann
4194,Phil Claydon
4195,Ralph Ziman
4196,John Simpson
4197,Colin Minihan
4198,Conor McMahon
4199,Chris Shadley
4200,Simon Napier-Bell
4202,Simon Yin
4203,Jeff Crook
4205,Orson Welles
4206,Dave Payne
4209,Brad Copeland
4210,Paul Bunnell
4211,Phil Morrison
4212,Harald Reinl
4216,Tanner Beard
4217,Scott Dow
4218,Derick Martini
4219,Jerry Dugan
4220,Tim Hunter
4224,Richard Ayoade
4225,Jehane Noujaim
4226,Pascal Arnold
4228,Remo
4231,John Laing
4232,Jamal Hill
4233,Daniel Stamm
4237,Carlos Carrera
4238,Benh Zeitlin
4239,J. Lee Thompson
4240,Maggie Greenwald
4241,Vera Farmiga
4242,Vijay Chandar
4244,Jonathan Wacks
4245,Khyentse Norbu
4248,Tony Krantz
4249,Mitchell Altieri
4250,W.D. Hogan
4251,Corey Grant
4253,Lucky McKee
4254,Richard Boddington
4255,David Hunt
4259,Steven R. Monroe
4260,Mark Illsley
4262,Ritesh Batra
4263,Sally Potter
4267,Brad J. Silverman
4268,Dave Meyers
4269,David M. Matthews
4270,Nadine Labaki
4271,Lluís Quílez
4272,Eytan Fox
4274,Romesh Sharma
4275,François Truffaut
4276,Adam Goldberg
4277,Travis Zariwny
4279,Adrienne Shelly
4280,Newt Arnold
4291,Alex Cox
4292,Fabián Bielinsky
4293,Dror Moreh
4294,Rebecca Miller
4295,Maggie Carey
4297,Henry Bean
4299,Simeon Rice
4301,Jeff Garlin
4302,Qasim Basir
4303,Adam Green
4304,Charles Chaplin
4305,Pete Jones
4306,Bruce Campbell
4308,Adam Carolla
4311,Bruce McDonald
4312,James Mottern
4313,Jaime Zevallos
4315,Gerard Johnstone
4316,Robert Greenwald
4317,David Ray
4318,Dave Rodriguez
4319,Nae Caranfil
4320,David Winning
4321,Frank Lotito
4322,Timothy Woodward Jr.
4324,Tara Subkoff
4325,Russell Friedenberg
4326,William Cottrell
4327,Lucrecia Martel
4328,Edward Dmytryk
4329,Zak Penn
4330,Alex Ranarivelo
4332,Mathieu Amalric
4333,David Worth
4334,Leslie H. Martinson
4336,Robert M. Young
4339,Steve Buscemi
4340,Ham Tran
4341,Rich Cowan
4342,Boris Rodriguez
4345,Sadyk Sher-Niyaz
4346,Paul Donovan
4347,Jonathan Kesselman
4348,Arjun Sablok
4350,Tyler Oliver
4354,Douglas Cheek
4356,Deryck Broom
4357,Henry Hathaway
4364,Giovanni Zelko
4365,Claudia Sainte-Luce
4371,Jamie Babbit
4372,David Boyd
4376,Anna Muylaert
4377,Steve Taylor
4378,Kurt Voss
4380,James David Pasternak
4381,Laurent Bouhnik
4382,Tom Sanchez
4383,David Caffrey
4384,Adam Jay Epstein
4386,Justin Thomas Ostensen
4387,Brenton Spencer
4389,Ossie Davis
4390,Jay Alaimo
4391,Dylan Bank
4392,Rob McKittrick
4395,Jeff Burr
4396,Harry Gantz
4397,Guy Maddin
4398,Regardt van den Bergh
4399,Panos Cosmatos
4400,Gareth Evans
4401,Matthew R. Anderson
4402,Joe Marino
4404,Joel Anderson
4405,Shimit Amin
4406,Douglas Trumbull
4408,Mona Fastvold
4411,Levan Gabriadze
4415,Bradley Parker
4416,Clive Barker
4417,Harold Cronk
4419,Takao Okawara
4421,Duncan Tucker
4423,Russ Meyer
4424,Robert D. Webb
4426,Allan Dwan
4429,Andrew Steggall
4430,Ben Lewin
4431,Robert Kenner
4435,Craig Johnson
4436,Sean Durkin
4437,Gillian Robespierre
4438,Courtney Hunt
4439,Morgan Neville
4443,Chris Paine
4444,Greg Berlanti
4447,Marc Levin
4448,Richard Dutcher
4449,Khalid Mohamed
4453,Finn Taylor
4455,José Luis Valenzuela
4456,Gia Coppola
4457,Scandar Copti
4458,Goran Dukic
4459,Mike Cahill
4460,Efram Potelle
4462,Joshua Oppenheimer
4463,Alex Gibney
4464,Paul Crowder
4465,Rohit Jagessar
4467,Anthony Powell
4468,Kief Davidson
4469,Johnny Remo
4470,Vivek Agnihotri
4471,Ti West
4472,Nick Tomnay
4474,Nickolas Perry
4475,Dan Zukovic
4477,Becky Smith
4478,Eric Nicholas
4479,Benjamin Dickinson
4480,Hal Haberman
4482,A. Raven Cruz
4484,Frank Whaley
4485,Amat Escalante
4486,Wajahat Rauf
4487,Katherine Brooks
4488,David Cross
4489,Randall Rubin
4490,Robert Bennett
4492,Mary Pat Kelly
4493,Lori Petty
4494,Charlie Levi
4495,Kevin Hamedani
4496,David DeCoteau
4497,Mikel Rueda
4498,Stefan C. Schaefer
4499,Michael Taliferro
4501,Katie Aselton
4502,Robert Heath
4503,D. Stevens
4504,Jeffrey St. Jules
4505,Robert Hall
4506,K. King
4507,Jonathan Meyers
4509,Ralph Nelson
4510,Blair Erickson
4512,Allison Burnett
4513,Richard Schenkman
4514,Sanjay Rawal
4516,Kat Coiro
4517,Cristian Mungiu
4518,Brian Dorton
4521,Maryam Keshavarz
4523,Ramaa Mosley
4526,Ric Roman Waugh
4527,C. Jay Cox
4528,Mariette Monpierre
4529,Tommy Oliver
4530,Jamie Travis
4532,Rich Christiano
4535,Natalie Bible'
4536,Asghar Farhadi
4537,Justin Molotnikov
4541,Georg Wilhelm Pabst
4542,Daniel Davila
4543,Jorge Gaggero
4545,Michael Burke
4546,Catherine Jelski
4547,Shane Dawson
4549,Ryan Little
4550,Clark Baker
4553,Matt Maiellaro
4556,Ben Wheatley
4561,Oliver Blackburn
4563,Christopher Hutson
4566,David LaChapelle
4569,Caryn Waechter
4570,Emily Dell
4573,Ryan Fleck
4574,Jennifer Wynne Farmer
4575,Christopher Scott Cherot
4576,H.M. Coakley
4577,Randy Moore
4578,Chris Atkins
4579,Bill Benenson
4580,Ryan Smith
4581,Travis Romero
4582,Anna Mastro
4583,Mark Sandrich
4584,Daniel Myrick
4585,Michael Wadleigh
4588,Gene Teigland
4589,Scott Ziehl
4590,Richard Montoya
4591,Johanna Schwartz
4592,William Gazecki
4593,Lance McDaniel
4594,Thomas Lilti
4595,Michael Walker
4597,U. Roberto Romano
4598,Amy Holden Jones
4599,Blaz Zavrsnik
4601,Pan Nalin
4602,Joe Camp
4604,Matt Walsh
4605,John 'Bud' Cardos
4606,Marilyn Agrelo
4608,Brian Baugh
4609,Patrick Creadon
4610,Barry W. Blaustein
4611,Kurt Hale
4612,Siddiq Barmak
4613,Joseph Dorman
4614,Greg Harrison
4617,Jacob Aaron Estes
4619,Eric Schaeffer
4620,Neema Barnette
4622,Joe Swanberg
4623,Molly Bernstein
4625,Marius A. Markevicius
4626,Tom DiCillo
4628,Quentin Dupieux
4631,Alex Smith
4632,Gareth Edwards
4633,Jonathan Parker
4634,Sol Tryon
4635,Alex Craig Mann
4637,Stephen Kijak
4640,Daston Kalili
4643,Michael Hoffman Jr.
4644,Patrick Gilles
4645,Georgia Hilton
4647,Jack Heller
4648,Fernando Baez Mella
4649,Warren Sheppard
4651,Justin Paul Miller
4652,Joel Paul Reisig
4653,Catherine Gund
4654,Luke Dye
4659,Alec Asten
4660,Hans Canosa
4661,Lloyd Kaufman
4662,Matthew Watts
4663,Lloyd Bacon
4664,Joe Kenemore
4666,Kay Pollak
4667,Eric England
4674,Sue Corcoran
4676,Jonathan Caouette
4677,Ray Griggs
4678,Matt Jackson
4679,Lucio Fulci
4682,Paul Fox
4684,Ari Kirschenbaum
4685,Cassandra Nicolaou
4686,Ingmar Bergman
4687,D.W. Griffith
4688,Roger Nygard
4689,Harry Beaumont
4691,Franck Khalfoun
4692,Mor Loushy
4693,Henry Alex Rubin
4694,Sam Firstenberg
4695,Doug Block
4697,Chad Kapper
4700,Paul Fierlinger
4702,Yorgos Lanthimos
4703,Lauren Lazin
4705,Gregory Widen
4708,Niall Johnson
4711,Eric Mendelsohn
4712,Jean-Luc Godard
4713,Florence Ayisi
4715,Michael Roemer
4717,Eddie O'Flaherty
4718,Babar Ahmed
4720,John D. Hancock
4721,Paul Bartel
4722,Bruce Dellis
4723,Pece Dingo
4724,Jerome Elston Scott
4725,Étienne Faure
4726,Herb Freed
4727,Jack Perez
4728,Craig Zobel
4731,Ken Del Conte
4733,Maria Maggenti
4735,Piyush Dinker Pandya
4736,Daniel Columbie
4738,Emma-Kate Croghan
4739,Bill Plympton
4741,Drake Doremus
4742,Al Franklin
4744,Michael Kang
4747,Lori Silverbush
4749,Stuart Hazeldine
4750,Hilary Brougher
4751,Rachel Goldenberg
4752,Corbin Bernsen
4753,Jamin Winans
4754,Tom Seidman
4755,Jason Naumann
4756,Matt Cimber
4757,Sam Martin
4758,Andrew Hyatt
4759,Dan Curtis
4761,Kristin Rizzo
4763,Ward Roberts
4764,Zoran Lisinac
4766,James O'Brien
4767,Tom Putnam
4768,Jon Shear
4769,Al Silliman Jr.
4770,Eugène Lourié
4775,Lowell Sherman
4776,Maurizio Benazzo
4777,David G. Evans
4780,Sherman Alexie
4781,Justin Dillon
4783,Stevan Mena
4787,Livingston Oden
4788,Chris Marker
4789,Carl Theodor Dreyer
4790,Marianna Palka
4792,Ricki Stern
4793,Nadia Tass
4794,James Kerwin
4795,C. Fraser Press
4796,Rania Attieh
4797,Sharon Greytak
4798,Majid Majidi
4799,Andrew Haigh
4801,Cary Bell
4802,Nicolae Constantin Tanase
4804,Jason Stone
4805,Melvin Van Peebles
4806,Ken Roht
4809,Robinson Devor
4810,Michel Orion Scott
4811,Pat Holden
4812,Eric Bugbee
4814,Bill Melendez
4815,Dena Seidel
4816,Deborah Anderson
4817,Sara Newens
4820,Sai Varadan
4822,Amal Al-Agroobi
4823,Andrew Berends
4824,Lynn Shelton
4825,Valentine
4826,David Hewlett
4829,Nate Parker
4830,Nathan Smith Jones
4832,Travis Cluff
4834,Harry F. Millarde
4835,Robert Townsend
4837,Jamaa Fanaka
4838,Larry Blamire
4839,Stephen Langford
4840,E.L. Katz
4841,Lisanne Pajot
4842,Dan Reed
4843,John Reinhardt
4844,Patrick Ryan Sims
4845,Laslo Benedek
4846,Jason Miller
4847,Dennis Iliadis
4848,Sut Jhally
4850,Julie Davis
4851,Myles Berkowitz
4852,Brett Piper
4854,Brandon Trost
4856,Joseph Green
4857,Wade Gasque
4858,Daniel Schechter
4861,Matt Johnson
4862,Bruno Barreto
4863,Lena Dunham
4864,Terron R. Parsons
4865,Daniel Mellitz
4866,Jem Cohen
4867,Andrew Leman
4868,Dave Carroll
4869,William Eubank
4870,Patrick Meaney
4871,Chad Hartigan
4872,Malcolm Goodwin
4874,Kevin Jordan
4875,Kirk Loudon
4876,Travis Legge
4878,Collin Joseph Neal
4879,Bradley Rust Gray
4880,Mike Bruce
4881,Andrew Bujalski
4882,Damir Catic
4885,James Bidgood
4889,Eric Eason
4892,Joseph Mazzella
4895,Marcus Nispel
4896,Brandon Landers
4898,Jim Chuchu
4899,Daryl Wein
4900,Jason Trost
4903,Jafar Panahi
4904,Ivan Kavanagh
4905,Kiyoshi Kurosawa
4906,Tadeo Garcia
4907,Thomas L. Phillips
4908,Ash Baron-Cohen
4909,Shane Carruth
4910,Neill Dela Llana
4912,Anthony Vallone
4914,Scott Smith
4916,Benjamin Roberds
4917,Daniel Hsia
